"TIME","GEO","UNIT","WORKTIME","SECTOR","SEX","ISCED11","Value","Flag and Footnotes"
"2013","Belgium","Number","Total","Total","Males","Bachelor's or equivalent level","160,168","d"
"2013","Belgium","Number","Total","Total","Males","Master's or equivalent level","39,022",""
"2013","Belgium","Number","Total","Total","Males","Doctoral or equivalent level","7,962",""
"2013","Belgium","Number","Total","Total","Females","Bachelor's or equivalent level","204,034","d"
"2013","Belgium","Number","Total","Total","Females","Master's or equivalent level","46,531",""
"2013","Belgium","Number","Total","Total","Females","Doctoral or equivalent level","6,648",""
"2013","Bulgaria","Number","Total","Total","Males","Bachelor's or equivalent level","91,883",""
"2013","Bulgaria","Number","Total","Total","Males","Master's or equivalent level","34,576",""
"2013","Bulgaria","Number","Total","Total","Males","Doctoral or equivalent level","2,627",""
"2013","Bulgaria","Number","Total","Total","Females","Bachelor's or equivalent level","103,754",""
"2013","Bulgaria","Number","Total","Total","Females","Master's or equivalent level","48,375",""
"2013","Bulgaria","Number","Total","Total","Females","Doctoral or equivalent level","2,744",""
"2013","Czech Republic","Number","Total","Total","Males","Bachelor's or equivalent level","115,295",""
"2013","Czech Republic","Number","Total","Total","Males","Master's or equivalent level","52,192",""
"2013","Czech Republic","Number","Total","Total","Males","Doctoral or equivalent level","14,176",""
"2013","Czech Republic","Number","Total","Total","Females","Bachelor's or equivalent level","152,436",""
"2013","Czech Republic","Number","Total","Total","Females","Master's or equivalent level","81,332",""
"2013","Czech Republic","Number","Total","Total","Females","Doctoral or equivalent level","11,018",""
"2013","Denmark","Number","Total","Total","Males","Bachelor's or equivalent level","75,268",""
"2013","Denmark","Number","Total","Total","Males","Master's or equivalent level","29,109",""
"2013","Denmark","Number","Total","Total","Males","Doctoral or equivalent level","4,847",""
"2013","Denmark","Number","Total","Total","Females","Bachelor's or equivalent level","107,013",""
"2013","Denmark","Number","Total","Total","Females","Master's or equivalent level","38,437",""
"2013","Denmark","Number","Total","Total","Females","Doctoral or equivalent level","4,781",""
"2013","Germany (until 1990 former territory of the FRG)","Number","Total","Total","Males","Bachelor's or equivalent level","913,296",""
"2013","Germany (until 1990 former territory of the FRG)","Number","Total","Total","Males","Master's or equivalent level","429,744",""
"2013","Germany (until 1990 former territory of the FRG)","Number","Total","Total","Males","Doctoral or equivalent level","126,800",""
"2013","Germany (until 1990 former territory of the FRG)","Number","Total","Total","Females","Bachelor's or equivalent level","722,611",""
"2013","Germany (until 1990 former territory of the FRG)","Number","Total","Total","Females","Master's or equivalent level","500,622",""
"2013","Germany (until 1990 former territory of the FRG)","Number","Total","Total","Females","Doctoral or equivalent level","86,400",""
"2013","Estonia","Number","Total","Total","Males","Bachelor's or equivalent level","19,458",""
"2013","Estonia","Number","Total","Total","Males","Master's or equivalent level","6,199",""
"2013","Estonia","Number","Total","Total","Males","Doctoral or equivalent level","1,263",""
"2013","Estonia","Number","Total","Total","Females","Bachelor's or equivalent level","25,300",""
"2013","Estonia","Number","Total","Total","Females","Master's or equivalent level","10,805",""
"2013","Estonia","Number","Total","Total","Females","Doctoral or equivalent level","1,781",""
"2013","Ireland","Number","Total","Total","Males","Bachelor's or equivalent level","56,941",""
"2013","Ireland","Number","Total","Total","Males","Master's or equivalent level","13,409",""
"2013","Ireland","Number","Total","Total","Males","Doctoral or equivalent level","4,100",""
"2013","Ireland","Number","Total","Total","Females","Bachelor's or equivalent level","64,269",""
"2013","Ireland","Number","Total","Total","Females","Master's or equivalent level","15,020",""
"2013","Ireland","Number","Total","Total","Females","Doctoral or equivalent level","4,071",""
"2013","Greece","Number","Total","Total","Males","Bachelor's or equivalent level","305,433",""
"2013","Greece","Number","Total","Total","Males","Master's or equivalent level",":",""
"2013","Greece","Number","Total","Total","Males","Doctoral or equivalent level","12,079",""
"2013","Greece","Number","Total","Total","Females","Bachelor's or equivalent level","282,768",""
"2013","Greece","Number","Total","Total","Females","Master's or equivalent level",":",""
"2013","Greece","Number","Total","Total","Females","Doctoral or equivalent level","10,932",""
"2013","Spain","Number","Total","Total","Males","Bachelor's or equivalent level","497,546",""
"2013","Spain","Number","Total","Total","Males","Master's or equivalent level","230,525",""
"2013","Spain","Number","Total","Total","Males","Doctoral or equivalent level","12,274",""
"2013","Spain","Number","Total","Total","Females","Bachelor's or equivalent level","587,466",""
"2013","Spain","Number","Total","Total","Females","Master's or equivalent level","283,844",""
"2013","Spain","Number","Total","Total","Females","Doctoral or equivalent level","11,376",""
"2013","France","Number","Total","Total","Males","Bachelor's or equivalent level","387,185",""
"2013","France","Number","Total","Total","Males","Master's or equivalent level","387,089",""
"2013","France","Number","Total","Total","Males","Doctoral or equivalent level","36,745",""
"2013","France","Number","Total","Total","Females","Bachelor's or equivalent level","544,563",""
"2013","France","Number","Total","Total","Females","Master's or equivalent level","444,867",""
"2013","France","Number","Total","Total","Females","Doctoral or equivalent level","32,790",""
"2013","Croatia","Number","Total","Total","Males","Bachelor's or equivalent level","48,171","d"
"2013","Croatia","Number","Total","Total","Males","Master's or equivalent level","21,855",""
"2013","Croatia","Number","Total","Total","Males","Doctoral or equivalent level","1,657",""
"2013","Croatia","Number","Total","Total","Females","Bachelor's or equivalent level","54,624","d"
"2013","Croatia","Number","Total","Total","Females","Master's or equivalent level","36,341",""
"2013","Croatia","Number","Total","Total","Females","Doctoral or equivalent level","1,975",""
"2013","Italy","Number","Total","Total","Males","Bachelor's or equivalent level","497,201",""
"2013","Italy","Number","Total","Total","Males","Master's or equivalent level","288,131",""
"2013","Italy","Number","Total","Total","Males","Doctoral or equivalent level","16,916",""
"2013","Italy","Number","Total","Total","Females","Bachelor's or equivalent level","611,059",""
"2013","Italy","Number","Total","Total","Females","Master's or equivalent level","438,888",""
"2013","Italy","Number","Total","Total","Females","Doctoral or equivalent level","18,012",""
"2013","Cyprus","Number","Total","Total","Males","Bachelor's or equivalent level","9,533",""
"2013","Cyprus","Number","Total","Total","Males","Master's or equivalent level","3,010",""
"2013","Cyprus","Number","Total","Total","Males","Doctoral or equivalent level","368",""
"2013","Cyprus","Number","Total","Total","Females","Bachelor's or equivalent level","10,457",""
"2013","Cyprus","Number","Total","Total","Females","Master's or equivalent level","4,886",""
"2013","Cyprus","Number","Total","Total","Females","Doctoral or equivalent level","461",""
"2013","Latvia","Number","Total","Total","Males","Bachelor's or equivalent level","26,416",""
"2013","Latvia","Number","Total","Total","Males","Master's or equivalent level","4,228",""
"2013","Latvia","Number","Total","Total","Males","Doctoral or equivalent level","1,094",""
"2013","Latvia","Number","Total","Total","Females","Bachelor's or equivalent level","36,858",""
"2013","Latvia","Number","Total","Total","Females","Master's or equivalent level","7,105",""
"2013","Latvia","Number","Total","Total","Females","Doctoral or equivalent level","1,425",""
"2013","Lithuania","Number","Total","Total","Males","Bachelor's or equivalent level","54,420",""
"2013","Lithuania","Number","Total","Total","Males","Master's or equivalent level","10,929",""
"2013","Lithuania","Number","Total","Total","Males","Doctoral or equivalent level","1,097",""
"2013","Lithuania","Number","Total","Total","Females","Bachelor's or equivalent level","70,099",""
"2013","Lithuania","Number","Total","Total","Females","Master's or equivalent level","21,566",""
"2013","Lithuania","Number","Total","Total","Females","Doctoral or equivalent level","1,584",""
"2013","Luxembourg","Number","Total","Total","Males","Bachelor's or equivalent level",":",""
"2013","Luxembourg","Number","Total","Total","Males","Master's or equivalent level",":",""
"2013","Luxembourg","Number","Total","Total","Males","Doctoral or equivalent level",":",""
"2013","Luxembourg","Number","Total","Total","Females","Bachelor's or equivalent level",":",""
"2013","Luxembourg","Number","Total","Total","Females","Master's or equivalent level",":",""
"2013","Luxembourg","Number","Total","Total","Females","Doctoral or equivalent level",":",""
"2013","Hungary","Number","Total","Total","Males","Bachelor's or equivalent level","110,692",""
"2013","Hungary","Number","Total","Total","Males","Master's or equivalent level","32,927",""
"2013","Hungary","Number","Total","Total","Males","Doctoral or equivalent level","3,754",""
"2013","Hungary","Number","Total","Total","Females","Bachelor's or equivalent level","126,955",""
"2013","Hungary","Number","Total","Total","Females","Master's or equivalent level","44,116",""
"2013","Hungary","Number","Total","Total","Females","Doctoral or equivalent level","3,578",""
"2013","Malta","Number","Total","Total","Males","Bachelor's or equivalent level","3,025",""
"2013","Malta","Number","Total","Total","Males","Master's or equivalent level","1,382",""
"2013","Malta","Number","Total","Total","Males","Doctoral or equivalent level","48",""
"2013","Malta","Number","Total","Total","Females","Bachelor's or equivalent level","3,889",""
"2013","Malta","Number","Total","Total","Females","Master's or equivalent level","1,734",""
"2013","Malta","Number","Total","Total","Females","Doctoral or equivalent level","30",""
"2013","Netherlands","Number","Total","Total","Males","Bachelor's or equivalent level",":",""
"2013","Netherlands","Number","Total","Total","Males","Master's or equivalent level",":",""
"2013","Netherlands","Number","Total","Total","Males","Doctoral or equivalent level","6,868",""
"2013","Netherlands","Number","Total","Total","Females","Bachelor's or equivalent level",":",""
"2013","Netherlands","Number","Total","Total","Females","Master's or equivalent level",":",""
"2013","Netherlands","Number","Total","Total","Females","Doctoral or equivalent level","6,763",""
"2013","Austria","Number","Total","Total","Males","Bachelor's or equivalent level","84,548",""
"2013","Austria","Number","Total","Total","Males","Master's or equivalent level","63,169",""
"2013","Austria","Number","Total","Total","Males","Doctoral or equivalent level","13,563",""
"2013","Austria","Number","Total","Total","Females","Bachelor's or equivalent level","95,686",""
"2013","Austria","Number","Total","Total","Females","Master's or equivalent level","76,918",""
"2013","Austria","Number","Total","Total","Females","Doctoral or equivalent level","12,093",""
"2013","Poland","Number","Total","Total","Males","Bachelor's or equivalent level","542,707",""
"2013","Poland","Number","Total","Total","Males","Master's or equivalent level","200,041",""
"2013","Poland","Number","Total","Total","Males","Doctoral or equivalent level","19,839",""
"2013","Poland","Number","Total","Total","Females","Bachelor's or equivalent level","723,764",""
"2013","Poland","Number","Total","Total","Females","Master's or equivalent level","383,004",""
"2013","Poland","Number","Total","Total","Females","Doctoral or equivalent level","22,456",""
"2013","Portugal","Number","Total","Total","Males","Bachelor's or equivalent level","107,456",""
"2013","Portugal","Number","Total","Total","Males","Master's or equivalent level","57,239",""
"2013","Portugal","Number","Total","Total","Males","Doctoral or equivalent level","9,050",""
"2013","Portugal","Number","Total","Total","Females","Bachelor's or equivalent level","124,072",""
"2013","Portugal","Number","Total","Total","Females","Master's or equivalent level","62,762",""
"2013","Portugal","Number","Total","Total","Females","Doctoral or equivalent level","10,421",""
"2013","Romania","Number","Total","Total","Males","Bachelor's or equivalent level","199,097",""
"2013","Romania","Number","Total","Total","Males","Master's or equivalent level","75,014",""
"2013","Romania","Number","Total","Total","Males","Doctoral or equivalent level","10,820",""
"2013","Romania","Number","Total","Total","Females","Bachelor's or equivalent level","210,509",""
"2013","Romania","Number","Total","Total","Females","Master's or equivalent level","112,181",""
"2013","Romania","Number","Total","Total","Females","Doctoral or equivalent level","10,536",""
"2013","Slovenia","Number","Total","Total","Males","Bachelor's or equivalent level","22,952",""
"2013","Slovenia","Number","Total","Total","Males","Master's or equivalent level","9,249",""
"2013","Slovenia","Number","Total","Total","Males","Doctoral or equivalent level","1,677",""
"2013","Slovenia","Number","Total","Total","Females","Bachelor's or equivalent level","31,913",""
"2013","Slovenia","Number","Total","Total","Females","Master's or equivalent level","16,580",""
"2013","Slovenia","Number","Total","Total","Females","Doctoral or equivalent level","1,929",""
"2013","Slovakia","Number","Total","Total","Males","Bachelor's or equivalent level","49,672",""
"2013","Slovakia","Number","Total","Total","Males","Master's or equivalent level","28,174",""
"2013","Slovakia","Number","Total","Total","Males","Doctoral or equivalent level","5,741",""
"2013","Slovakia","Number","Total","Total","Females","Bachelor's or equivalent level","71,134",""
"2013","Slovakia","Number","Total","Total","Females","Master's or equivalent level","46,738",""
"2013","Slovakia","Number","Total","Total","Females","Doctoral or equivalent level","5,212",""
"2013","Finland","Number","Total","Total","Males","Bachelor's or equivalent level","109,120",""
"2013","Finland","Number","Total","Total","Males","Master's or equivalent level","24,088",""
"2013","Finland","Number","Total","Total","Males","Doctoral or equivalent level","9,860",""
"2013","Finland","Number","Total","Total","Females","Bachelor's or equivalent level","119,153",""
"2013","Finland","Number","Total","Total","Females","Master's or equivalent level","35,963",""
"2013","Finland","Number","Total","Total","Females","Doctoral or equivalent level","10,733",""
"2013","Sweden","Number","Total","Total","Males","Bachelor's or equivalent level","93,226",""
"2013","Sweden","Number","Total","Total","Males","Master's or equivalent level","58,627",""
"2013","Sweden","Number","Total","Total","Males","Doctoral or equivalent level","11,028",""
"2013","Sweden","Number","Total","Total","Females","Bachelor's or equivalent level","159,754",""
"2013","Sweden","Number","Total","Total","Females","Master's or equivalent level","77,448",""
"2013","Sweden","Number","Total","Total","Females","Doctoral or equivalent level","10,484",""
"2013","United Kingdom","Number","Total","Total","Males","Bachelor's or equivalent level","686,697",""
"2013","United Kingdom","Number","Total","Total","Males","Master's or equivalent level","178,874",""
"2013","United Kingdom","Number","Total","Total","Males","Doctoral or equivalent level","57,961",""
"2013","United Kingdom","Number","Total","Total","Females","Bachelor's or equivalent level","840,023",""
"2013","United Kingdom","Number","Total","Total","Females","Master's or equivalent level","244,718",""
"2013","United Kingdom","Number","Total","Total","Females","Doctoral or equivalent level","51,097",""
"2013","Iceland","Number","Total","Total","Males","Bachelor's or equivalent level","5,399",""
"2013","Iceland","Number","Total","Total","Males","Master's or equivalent level","1,387",""
"2013","Iceland","Number","Total","Total","Males","Doctoral or equivalent level","184",""
"2013","Iceland","Number","Total","Total","Females","Bachelor's or equivalent level","8,369",""
"2013","Iceland","Number","Total","Total","Females","Master's or equivalent level","3,020",""
"2013","Iceland","Number","Total","Total","Females","Doctoral or equivalent level","286",""
"2013","Liechtenstein","Number","Total","Total","Males","Bachelor's or equivalent level","350",""
"2013","Liechtenstein","Number","Total","Total","Males","Master's or equivalent level","165",""
"2013","Liechtenstein","Number","Total","Total","Males","Doctoral or equivalent level","61",""
"2013","Liechtenstein","Number","Total","Total","Females","Bachelor's or equivalent level","178",""
"2013","Liechtenstein","Number","Total","Total","Females","Master's or equivalent level","69",""
"2013","Liechtenstein","Number","Total","Total","Females","Doctoral or equivalent level","22",""
"2013","Norway","Number","Total","Total","Males","Bachelor's or equivalent level","69,762",""
"2013","Norway","Number","Total","Total","Males","Master's or equivalent level","24,495",""
"2013","Norway","Number","Total","Total","Males","Doctoral or equivalent level","3,620",""
"2013","Norway","Number","Total","Total","Females","Bachelor's or equivalent level","112,175",""
"2013","Norway","Number","Total","Total","Females","Master's or equivalent level","31,794",""
"2013","Norway","Number","Total","Total","Females","Doctoral or equivalent level","3,787",""
"2013","Switzerland","Number","Total","Total","Males","Bachelor's or equivalent level","94,684",""
"2013","Switzerland","Number","Total","Total","Males","Master's or equivalent level","29,619",""
"2013","Switzerland","Number","Total","Total","Males","Doctoral or equivalent level","12,517",""
"2013","Switzerland","Number","Total","Total","Females","Bachelor's or equivalent level","91,654",""
"2013","Switzerland","Number","Total","Total","Females","Master's or equivalent level","30,364",""
"2013","Switzerland","Number","Total","Total","Females","Doctoral or equivalent level","10,199",""
"2013","Former Yugoslav Republic of Macedonia, the","Number","Total","Total","Males","Bachelor's or equivalent level","25,901",""
"2013","Former Yugoslav Republic of Macedonia, the","Number","Total","Total","Males","Master's or equivalent level","1,564",""
"2013","Former Yugoslav Republic of Macedonia, the","Number","Total","Total","Males","Doctoral or equivalent level","97",""
"2013","Former Yugoslav Republic of Macedonia, the","Number","Total","Total","Females","Bachelor's or equivalent level","31,005",""
"2013","Former Yugoslav Republic of Macedonia, the","Number","Total","Total","Females","Master's or equivalent level","1,986",""
"2013","Former Yugoslav Republic of Macedonia, the","Number","Total","Total","Females","Doctoral or equivalent level","129",""
"2013","Serbia","Number","Total","Total","Males","Bachelor's or equivalent level","89,619",""
"2013","Serbia","Number","Total","Total","Males","Master's or equivalent level","13,143",""
"2013","Serbia","Number","Total","Total","Males","Doctoral or equivalent level","2,756",""
"2013","Serbia","Number","Total","Total","Females","Bachelor's or equivalent level","108,833",""
"2013","Serbia","Number","Total","Total","Females","Master's or equivalent level","21,069",""
"2013","Serbia","Number","Total","Total","Females","Doctoral or equivalent level","3,525",""
"2013","Turkey","Number","Total","Total","Males","Bachelor's or equivalent level","1,657,512","d"
"2013","Turkey","Number","Total","Total","Males","Master's or equivalent level","175,976","d"
"2013","Turkey","Number","Total","Total","Males","Doctoral or equivalent level","45,645",""
"2013","Turkey","Number","Total","Total","Females","Bachelor's or equivalent level","1,395,159","d"
"2013","Turkey","Number","Total","Total","Females","Master's or equivalent level","138,843","d"
"2013","Turkey","Number","Total","Total","Females","Doctoral or equivalent level","34,849",""
"2013","Japan","Number","Total","Total","Males","Bachelor's or equivalent level","1,504,307",""
"2013","Japan","Number","Total","Total","Males","Master's or equivalent level","214,317",""
"2013","Japan","Number","Total","Total","Males","Doctoral or equivalent level","49,912",""
"2013","Japan","Number","Total","Total","Females","Bachelor's or equivalent level","1,179,633",""
"2013","Japan","Number","Total","Total","Females","Master's or equivalent level","124,353",""
"2013","Japan","Number","Total","Total","Females","Doctoral or equivalent level","24,568",""
"2014","Belgium","Number","Total","Total","Males","Bachelor's or equivalent level","158,693",""
"2014","Belgium","Number","Total","Total","Males","Master's or equivalent level","42,762",""
"2014","Belgium","Number","Total","Total","Males","Doctoral or equivalent level","8,376",""
"2014","Belgium","Number","Total","Total","Females","Bachelor's or equivalent level","204,087",""
"2014","Belgium","Number","Total","Total","Females","Master's or equivalent level","50,197",""
"2014","Belgium","Number","Total","Total","Females","Doctoral or equivalent level","7,228",""
"2014","Bulgaria","Number","Total","Total","Males","Bachelor's or equivalent level","90,726",""
"2014","Bulgaria","Number","Total","Total","Males","Master's or equivalent level","35,838",""
"2014","Bulgaria","Number","Total","Total","Males","Doctoral or equivalent level","2,988",""
"2014","Bulgaria","Number","Total","Total","Females","Bachelor's or equivalent level","100,690",""
"2014","Bulgaria","Number","Total","Total","Females","Master's or equivalent level","49,985",""
"2014","Bulgaria","Number","Total","Total","Females","Doctoral or equivalent level","3,067",""
"2014","Czech Republic","Number","Total","Total","Males","Bachelor's or equivalent level","109,927",""
"2014","Czech Republic","Number","Total","Total","Males","Master's or equivalent level","55,052",""
"2014","Czech Republic","Number","Total","Total","Males","Doctoral or equivalent level","14,027",""
"2014","Czech Republic","Number","Total","Total","Females","Bachelor's or equivalent level","146,402",""
"2014","Czech Republic","Number","Total","Total","Females","Master's or equivalent level","81,155",""
"2014","Czech Republic","Number","Total","Total","Females","Doctoral or equivalent level","11,063",""
"2014","Denmark","Number","Total","Total","Males","Bachelor's or equivalent level","77,027",""
"2014","Denmark","Number","Total","Total","Males","Master's or equivalent level","30,080",""
"2014","Denmark","Number","Total","Total","Males","Doctoral or equivalent level","4,892",""
"2014","Denmark","Number","Total","Total","Females","Bachelor's or equivalent level","110,875",""
"2014","Denmark","Number","Total","Total","Females","Master's or equivalent level","40,088",""
"2014","Denmark","Number","Total","Total","Females","Doctoral or equivalent level","4,977",""
"2014","Germany (until 1990 former territory of the FRG)","Number","Total","Total","Males","Bachelor's or equivalent level","958,035",""
"2014","Germany (until 1990 former territory of the FRG)","Number","Total","Total","Males","Master's or equivalent level","445,522",""
"2014","Germany (until 1990 former territory of the FRG)","Number","Total","Total","Males","Doctoral or equivalent level","128,000",""
"2014","Germany (until 1990 former territory of the FRG)","Number","Total","Total","Females","Bachelor's or equivalent level","776,792",""
"2014","Germany (until 1990 former territory of the FRG)","Number","Total","Total","Females","Master's or equivalent level","516,679",""
"2014","Germany (until 1990 former territory of the FRG)","Number","Total","Total","Females","Doctoral or equivalent level","86,700",""
"2014","Estonia","Number","Total","Total","Males","Bachelor's or equivalent level","17,391",""
"2014","Estonia","Number","Total","Total","Males","Master's or equivalent level","6,110",""
"2014","Estonia","Number","Total","Total","Males","Doctoral or equivalent level","1,267",""
"2014","Estonia","Number","Total","Total","Females","Bachelor's or equivalent level","23,148",""
"2014","Estonia","Number","Total","Total","Females","Master's or equivalent level","10,367",""
"2014","Estonia","Number","Total","Total","Females","Doctoral or equivalent level","1,715",""
"2014","Ireland","Number","Total","Total","Males","Bachelor's or equivalent level","77,307",""
"2014","Ireland","Number","Total","Total","Males","Master's or equivalent level","11,134",""
"2014","Ireland","Number","Total","Total","Males","Doctoral or equivalent level","3,970",""
"2014","Ireland","Number","Total","Total","Females","Bachelor's or equivalent level","76,987",""
"2014","Ireland","Number","Total","Total","Females","Master's or equivalent level","12,556",""
"2014","Ireland","Number","Total","Total","Females","Doctoral or equivalent level","3,995",""
"2014","Greece","Number","Total","Total","Males","Bachelor's or equivalent level","312,255",""
"2014","Greece","Number","Total","Total","Males","Master's or equivalent level","22,793",""
"2014","Greece","Number","Total","Total","Males","Doctoral or equivalent level","12,640",""
"2014","Greece","Number","Total","Total","Females","Bachelor's or equivalent level","286,735",""
"2014","Greece","Number","Total","Total","Females","Master's or equivalent level","31,765",""
"2014","Greece","Number","Total","Total","Females","Doctoral or equivalent level","11,241",""
"2014","Spain","Number","Total","Total","Males","Bachelor's or equivalent level","539,463",""
"2014","Spain","Number","Total","Total","Males","Master's or equivalent level","184,578",""
"2014","Spain","Number","Total","Total","Males","Doctoral or equivalent level","12,289",""
"2014","Spain","Number","Total","Total","Females","Bachelor's or equivalent level","640,882",""
"2014","Spain","Number","Total","Total","Females","Master's or equivalent level","226,873",""
"2014","Spain","Number","Total","Total","Females","Doctoral or equivalent level","12,028",""
"2014","France","Number","Total","Total","Males","Bachelor's or equivalent level","399,547",""
"2014","France","Number","Total","Total","Males","Master's or equivalent level","396,704",""
"2014","France","Number","Total","Total","Males","Doctoral or equivalent level","36,356",""
"2014","France","Number","Total","Total","Females","Bachelor's or equivalent level","561,900",""
"2014","France","Number","Total","Total","Females","Master's or equivalent level","458,080",""
"2014","France","Number","Total","Total","Females","Doctoral or equivalent level","32,582",""
"2014","Croatia","Number","Total","Total","Males","Bachelor's or equivalent level","47,797",""
"2014","Croatia","Number","Total","Total","Males","Master's or equivalent level","22,478",""
"2014","Croatia","Number","Total","Total","Males","Doctoral or equivalent level","1,462",""
"2014","Croatia","Number","Total","Total","Females","Bachelor's or equivalent level","55,371",""
"2014","Croatia","Number","Total","Total","Females","Master's or equivalent level","37,089",""
"2014","Croatia","Number","Total","Total","Females","Doctoral or equivalent level","1,757",""
"2014","Italy","Number","Total","Total","Males","Bachelor's or equivalent level","493,184",""
"2014","Italy","Number","Total","Total","Males","Master's or equivalent level","288,018",""
"2014","Italy","Number","Total","Total","Males","Doctoral or equivalent level","16,283",""
"2014","Italy","Number","Total","Total","Females","Bachelor's or equivalent level","597,580",""
"2014","Italy","Number","Total","Total","Females","Master's or equivalent level","436,865",""
"2014","Italy","Number","Total","Total","Females","Doctoral or equivalent level","17,229",""
"2014","Cyprus","Number","Total","Total","Males","Bachelor's or equivalent level","9,168",""
"2014","Cyprus","Number","Total","Total","Males","Master's or equivalent level","3,483",""
"2014","Cyprus","Number","Total","Total","Males","Doctoral or equivalent level","421",""
"2014","Cyprus","Number","Total","Total","Females","Bachelor's or equivalent level","10,611",""
"2014","Cyprus","Number","Total","Total","Females","Master's or equivalent level","6,526",""
"2014","Cyprus","Number","Total","Total","Females","Doctoral or equivalent level","508",""
"2014","Latvia","Number","Total","Total","Males","Bachelor's or equivalent level","25,434",""
"2014","Latvia","Number","Total","Total","Males","Master's or equivalent level","4,580",""
"2014","Latvia","Number","Total","Total","Males","Doctoral or equivalent level","1,031",""
"2014","Latvia","Number","Total","Total","Females","Bachelor's or equivalent level","32,521",""
"2014","Latvia","Number","Total","Total","Females","Master's or equivalent level","7,677",""
"2014","Latvia","Number","Total","Total","Females","Doctoral or equivalent level","1,375",""
"2014","Lithuania","Number","Total","Total","Males","Bachelor's or equivalent level","50,303",""
"2014","Lithuania","Number","Total","Total","Males","Master's or equivalent level","10,818",""
"2014","Lithuania","Number","Total","Total","Males","Doctoral or equivalent level","1,093",""
"2014","Lithuania","Number","Total","Total","Females","Bachelor's or equivalent level","63,578",""
"2014","Lithuania","Number","Total","Total","Females","Master's or equivalent level","21,004",""
"2014","Lithuania","Number","Total","Total","Females","Doctoral or equivalent level","1,593",""
"2014","Luxembourg","Number","Total","Total","Males","Bachelor's or equivalent level",":",""
"2014","Luxembourg","Number","Total","Total","Males","Master's or equivalent level",":",""
"2014","Luxembourg","Number","Total","Total","Males","Doctoral or equivalent level",":",""
"2014","Luxembourg","Number","Total","Total","Females","Bachelor's or equivalent level",":",""
"2014","Luxembourg","Number","Total","Total","Females","Master's or equivalent level",":",""
"2014","Luxembourg","Number","Total","Total","Females","Doctoral or equivalent level",":",""
"2014","Hungary","Number","Total","Total","Males","Bachelor's or equivalent level","105,443",""
"2014","Hungary","Number","Total","Total","Males","Master's or equivalent level","31,210",""
"2014","Hungary","Number","Total","Total","Males","Doctoral or equivalent level","3,667","d"
"2014","Hungary","Number","Total","Total","Females","Bachelor's or equivalent level","123,092",""
"2014","Hungary","Number","Total","Total","Females","Master's or equivalent level","42,263",""
"2014","Hungary","Number","Total","Total","Females","Doctoral or equivalent level","3,680","d"
"2014","Malta","Number","Total","Total","Males","Bachelor's or equivalent level","3,044",""
"2014","Malta","Number","Total","Total","Males","Master's or equivalent level","1,512",""
"2014","Malta","Number","Total","Total","Males","Doctoral or equivalent level","59",""
"2014","Malta","Number","Total","Total","Females","Bachelor's or equivalent level","3,889",""
"2014","Malta","Number","Total","Total","Females","Master's or equivalent level","1,908",""
"2014","Malta","Number","Total","Total","Females","Doctoral or equivalent level","36",""
"2014","Netherlands","Number","Total","Total","Males","Bachelor's or equivalent level",":",""
"2014","Netherlands","Number","Total","Total","Males","Master's or equivalent level",":",""
"2014","Netherlands","Number","Total","Total","Males","Doctoral or equivalent level","6,908",""
"2014","Netherlands","Number","Total","Total","Females","Bachelor's or equivalent level",":",""
"2014","Netherlands","Number","Total","Total","Females","Master's or equivalent level",":",""
"2014","Netherlands","Number","Total","Total","Females","Doctoral or equivalent level","6,941",""
"2014","Austria","Number","Total","Total","Males","Bachelor's or equivalent level","84,669",""
"2014","Austria","Number","Total","Total","Males","Master's or equivalent level","63,109",""
"2014","Austria","Number","Total","Total","Males","Doctoral or equivalent level","13,059",""
"2014","Austria","Number","Total","Total","Females","Bachelor's or equivalent level","94,737",""
"2014","Austria","Number","Total","Total","Females","Master's or equivalent level","76,588",""
"2014","Austria","Number","Total","Total","Females","Doctoral or equivalent level","11,520",""
"2014","Poland","Number","Total","Total","Males","Bachelor's or equivalent level","509,282",""
"2014","Poland","Number","Total","Total","Males","Master's or equivalent level","185,755",""
"2014","Poland","Number","Total","Total","Males","Doctoral or equivalent level","20,018",""
"2014","Poland","Number","Total","Total","Females","Bachelor's or equivalent level","663,355",""
"2014","Poland","Number","Total","Total","Females","Master's or equivalent level","355,113",""
"2014","Poland","Number","Total","Total","Females","Doctoral or equivalent level","23,340",""
"2014","Portugal","Number","Total","Total","Males","Bachelor's or equivalent level","101,508",""
"2014","Portugal","Number","Total","Total","Males","Master's or equivalent level","57,414","d"
"2014","Portugal","Number","Total","Total","Males","Doctoral or equivalent level","9,330","d"
"2014","Portugal","Number","Total","Total","Females","Bachelor's or equivalent level","119,351",""
"2014","Portugal","Number","Total","Total","Females","Master's or equivalent level","63,682","d"
"2014","Portugal","Number","Total","Total","Females","Doctoral or equivalent level","10,915","d"
"2014","Romania","Number","Total","Total","Males","Bachelor's or equivalent level","182,943",""
"2014","Romania","Number","Total","Total","Males","Master's or equivalent level","74,487",""
"2014","Romania","Number","Total","Total","Males","Doctoral or equivalent level","10,020",""
"2014","Romania","Number","Total","Total","Females","Bachelor's or equivalent level","194,193",""
"2014","Romania","Number","Total","Total","Females","Master's or equivalent level","107,091",""
"2014","Romania","Number","Total","Total","Females","Doctoral or equivalent level","9,972",""
"2014","Slovenia","Number","Total","Total","Males","Bachelor's or equivalent level","21,324",""
"2014","Slovenia","Number","Total","Total","Males","Master's or equivalent level","8,233",""
"2014","Slovenia","Number","Total","Total","Males","Doctoral or equivalent level","1,423",""
"2014","Slovenia","Number","Total","Total","Females","Bachelor's or equivalent level","29,768",""
"2014","Slovenia","Number","Total","Total","Females","Master's or equivalent level","15,030",""
"2014","Slovenia","Number","Total","Total","Females","Doctoral or equivalent level","1,593",""
"2014","Slovakia","Number","Total","Total","Males","Bachelor's or equivalent level","46,360",""
"2014","Slovakia","Number","Total","Total","Males","Master's or equivalent level","27,158",""
"2014","Slovakia","Number","Total","Total","Males","Doctoral or equivalent level","5,260",""
"2014","Slovakia","Number","Total","Total","Females","Bachelor's or equivalent level","66,789",""
"2014","Slovakia","Number","Total","Total","Females","Master's or equivalent level","44,562",""
"2014","Slovakia","Number","Total","Total","Females","Doctoral or equivalent level","4,749",""
"2014","Finland","Number","Total","Total","Males","Bachelor's or equivalent level","106,918",""
"2014","Finland","Number","Total","Total","Males","Master's or equivalent level","25,219",""
"2014","Finland","Number","Total","Total","Males","Doctoral or equivalent level","9,761",""
"2014","Finland","Number","Total","Total","Females","Bachelor's or equivalent level","116,601",""
"2014","Finland","Number","Total","Total","Females","Master's or equivalent level","37,038",""
"2014","Finland","Number","Total","Total","Females","Doctoral or equivalent level","10,522",""
"2014","Sweden","Number","Total","Total","Males","Bachelor's or equivalent level","91,421",""
"2014","Sweden","Number","Total","Total","Males","Master's or equivalent level","58,932",""
"2014","Sweden","Number","Total","Total","Males","Doctoral or equivalent level","11,148",""
"2014","Sweden","Number","Total","Total","Females","Bachelor's or equivalent level","155,748",""
"2014","Sweden","Number","Total","Total","Females","Master's or equivalent level","76,288",""
"2014","Sweden","Number","Total","Total","Females","Doctoral or equivalent level","10,442",""
"2014","United Kingdom","Number","Total","Total","Males","Bachelor's or equivalent level","688,598",""
"2014","United Kingdom","Number","Total","Total","Males","Master's or equivalent level","177,532",""
"2014","United Kingdom","Number","Total","Total","Males","Doctoral or equivalent level","59,071",""
"2014","United Kingdom","Number","Total","Total","Females","Bachelor's or equivalent level","844,079",""
"2014","United Kingdom","Number","Total","Total","Females","Master's or equivalent level","245,986",""
"2014","United Kingdom","Number","Total","Total","Females","Doctoral or equivalent level","52,324",""
"2014","Iceland","Number","Total","Total","Males","Bachelor's or equivalent level","5,454",""
"2014","Iceland","Number","Total","Total","Males","Master's or equivalent level","1,566","d"
"2014","Iceland","Number","Total","Total","Males","Doctoral or equivalent level","186","d"
"2014","Iceland","Number","Total","Total","Females","Bachelor's or equivalent level","8,521",""
"2014","Iceland","Number","Total","Total","Females","Master's or equivalent level","3,326","d"
"2014","Iceland","Number","Total","Total","Females","Doctoral or equivalent level","305","d"
"2014","Liechtenstein","Number","Total","Total","Males","Bachelor's or equivalent level","309",""
"2014","Liechtenstein","Number","Total","Total","Males","Master's or equivalent level","172",""
"2014","Liechtenstein","Number","Total","Total","Males","Doctoral or equivalent level","82",""
"2014","Liechtenstein","Number","Total","Total","Females","Bachelor's or equivalent level","159",""
"2014","Liechtenstein","Number","Total","Total","Females","Master's or equivalent level","71",""
"2014","Liechtenstein","Number","Total","Total","Females","Doctoral or equivalent level","37",""
"2014","Norway","Number","Total","Total","Males","Bachelor's or equivalent level","73,675",""
"2014","Norway","Number","Total","Total","Males","Master's or equivalent level","26,386",""
"2014","Norway","Number","Total","Total","Males","Doctoral or equivalent level","3,530",""
"2014","Norway","Number","Total","Total","Females","Bachelor's or equivalent level","113,296",""
"2014","Norway","Number","Total","Total","Females","Master's or equivalent level","33,765",""
"2014","Norway","Number","Total","Total","Females","Doctoral or equivalent level","3,797",""
"2014","Switzerland","Number","Total","Total","Males","Bachelor's or equivalent level","98,513",""
"2014","Switzerland","Number","Total","Total","Males","Master's or equivalent level","31,061",""
"2014","Switzerland","Number","Total","Total","Males","Doctoral or equivalent level","12,733",""
"2014","Switzerland","Number","Total","Total","Females","Bachelor's or equivalent level","95,062",""
"2014","Switzerland","Number","Total","Total","Females","Master's or equivalent level","32,254",""
"2014","Switzerland","Number","Total","Total","Females","Doctoral or equivalent level","10,504",""
"2014","Former Yugoslav Republic of Macedonia, the","Number","Total","Total","Males","Bachelor's or equivalent level","26,296",""
"2014","Former Yugoslav Republic of Macedonia, the","Number","Total","Total","Males","Master's or equivalent level","1,206",""
"2014","Former Yugoslav Republic of Macedonia, the","Number","Total","Total","Males","Doctoral or equivalent level","56",""
"2014","Former Yugoslav Republic of Macedonia, the","Number","Total","Total","Females","Bachelor's or equivalent level","31,450",""
"2014","Former Yugoslav Republic of Macedonia, the","Number","Total","Total","Females","Master's or equivalent level","1,489",""
"2014","Former Yugoslav Republic of Macedonia, the","Number","Total","Total","Females","Doctoral or equivalent level","75",""
"2014","Serbia","Number","Total","Total","Males","Bachelor's or equivalent level","91,456",""
"2014","Serbia","Number","Total","Total","Males","Master's or equivalent level","13,605",""
"2014","Serbia","Number","Total","Total","Males","Doctoral or equivalent level","3,339",""
"2014","Serbia","Number","Total","Total","Females","Bachelor's or equivalent level","109,202",""
"2014","Serbia","Number","Total","Total","Females","Master's or equivalent level","20,864",""
"2014","Serbia","Number","Total","Total","Females","Doctoral or equivalent level","4,382",""
"2014","Turkey","Number","Total","Total","Males","Bachelor's or equivalent level","1,784,160",""
"2014","Turkey","Number","Total","Total","Males","Master's or equivalent level","201,445",""
"2014","Turkey","Number","Total","Total","Males","Doctoral or equivalent level","38,267",""
"2014","Turkey","Number","Total","Total","Females","Bachelor's or equivalent level","1,503,919",""
"2014","Turkey","Number","Total","Total","Females","Master's or equivalent level","154,348",""
"2014","Turkey","Number","Total","Total","Females","Doctoral or equivalent level","28,890",""
"2014","Japan","Number","Total","Total","Males","Bachelor's or equivalent level","1,492,975",""
"2014","Japan","Number","Total","Total","Males","Master's or equivalent level","209,452",""
"2014","Japan","Number","Total","Total","Males","Doctoral or equivalent level","49,606",""
"2014","Japan","Number","Total","Total","Females","Bachelor's or equivalent level","1,188,299",""
"2014","Japan","Number","Total","Total","Females","Master's or equivalent level","123,901",""
"2014","Japan","Number","Total","Total","Females","Doctoral or equivalent level","24,487",""
"2015","Belgium","Number","Total","Total","Males","Bachelor's or equivalent level","160,014",""
"2015","Belgium","Number","Total","Total","Males","Master's or equivalent level","44,806",""
"2015","Belgium","Number","Total","Total","Males","Doctoral or equivalent level","8,890",""
"2015","Belgium","Number","Total","Total","Females","Bachelor's or equivalent level","205,911",""
"2015","Belgium","Number","Total","Total","Females","Master's or equivalent level","53,114",""
"2015","Belgium","Number","Total","Total","Females","Doctoral or equivalent level","7,596",""
"2015","Bulgaria","Number","Total","Total","Males","Bachelor's or equivalent level","88,426",""
"2015","Bulgaria","Number","Total","Total","Males","Master's or equivalent level","35,107",""
"2015","Bulgaria","Number","Total","Total","Males","Doctoral or equivalent level","3,219",""
"2015","Bulgaria","Number","Total","Total","Females","Bachelor's or equivalent level","98,276",""
"2015","Bulgaria","Number","Total","Total","Females","Master's or equivalent level","50,527",""
"2015","Bulgaria","Number","Total","Total","Females","Doctoral or equivalent level","3,398",""
"2015","Czech Republic","Number","Total","Total","Males","Bachelor's or equivalent level","101,180",""
"2015","Czech Republic","Number","Total","Total","Males","Master's or equivalent level","53,614",""
"2015","Czech Republic","Number","Total","Total","Males","Doctoral or equivalent level","13,717",""
"2015","Czech Republic","Number","Total","Total","Females","Bachelor's or equivalent level","135,707",""
"2015","Czech Republic","Number","Total","Total","Females","Master's or equivalent level","79,452",""
"2015","Czech Republic","Number","Total","Total","Females","Doctoral or equivalent level","10,865",""
"2015","Denmark","Number","Total","Total","Males","Bachelor's or equivalent level","80,224",""
"2015","Denmark","Number","Total","Total","Males","Master's or equivalent level","31,858",""
"2015","Denmark","Number","Total","Total","Males","Doctoral or equivalent level","4,866",""
"2015","Denmark","Number","Total","Total","Females","Bachelor's or equivalent level","114,830",""
"2015","Denmark","Number","Total","Total","Females","Master's or equivalent level","41,932",""
"2015","Denmark","Number","Total","Total","Females","Doctoral or equivalent level","5,073",""
"2015","Germany (until 1990 former territory of the FRG)","Number","Total","Total","Males","Bachelor's or equivalent level","981,474",""
"2015","Germany (until 1990 former territory of the FRG)","Number","Total","Total","Males","Master's or equivalent level","459,459",""
"2015","Germany (until 1990 former territory of the FRG)","Number","Total","Total","Males","Doctoral or equivalent level","109,100",""
"2015","Germany (until 1990 former territory of the FRG)","Number","Total","Total","Females","Bachelor's or equivalent level","810,960",""
"2015","Germany (until 1990 former territory of the FRG)","Number","Total","Total","Females","Master's or equivalent level","529,294",""
"2015","Germany (until 1990 former territory of the FRG)","Number","Total","Total","Females","Doctoral or equivalent level","87,100",""
"2015","Estonia","Number","Total","Total","Males","Bachelor's or equivalent level","15,446",""
"2015","Estonia","Number","Total","Total","Males","Master's or equivalent level","6,062",""
"2015","Estonia","Number","Total","Total","Males","Doctoral or equivalent level","1,237",""
"2015","Estonia","Number","Total","Total","Females","Bachelor's or equivalent level","20,853",""
"2015","Estonia","Number","Total","Total","Females","Master's or equivalent level","9,950",""
"2015","Estonia","Number","Total","Total","Females","Doctoral or equivalent level","1,666",""
"2015","Ireland","Number","Total","Total","Males","Bachelor's or equivalent level","80,578",""
"2015","Ireland","Number","Total","Total","Males","Master's or equivalent level","13,121",""
"2015","Ireland","Number","Total","Total","Males","Doctoral or equivalent level","4,087",""
"2015","Ireland","Number","Total","Total","Females","Bachelor's or equivalent level","80,724",""
"2015","Ireland","Number","Total","Total","Females","Master's or equivalent level","15,500",""
"2015","Ireland","Number","Total","Total","Females","Doctoral or equivalent level","4,117",""
"2015","Greece","Number","Total","Total","Males","Bachelor's or equivalent level",":",""
"2015","Greece","Number","Total","Total","Males","Master's or equivalent level",":",""
"2015","Greece","Number","Total","Total","Males","Doctoral or equivalent level",":",""
"2015","Greece","Number","Total","Total","Females","Bachelor's or equivalent level",":",""
"2015","Greece","Number","Total","Total","Females","Master's or equivalent level",":",""
"2015","Greece","Number","Total","Total","Females","Doctoral or equivalent level",":",""
"2015","Spain","Number","Total","Total","Males","Bachelor's or equivalent level","553,642",""
"2015","Spain","Number","Total","Total","Males","Master's or equivalent level","157,478",""
"2015","Spain","Number","Total","Total","Males","Doctoral or equivalent level","16,148",""
"2015","Spain","Number","Total","Total","Females","Bachelor's or equivalent level","650,767",""
"2015","Spain","Number","Total","Total","Females","Master's or equivalent level","197,619",""
"2015","Spain","Number","Total","Total","Females","Doctoral or equivalent level","15,914",""
"2015","France","Number","Total","Total","Males","Bachelor's or equivalent level","412,633",""
"2015","France","Number","Total","Total","Males","Master's or equivalent level","403,207",""
"2015","France","Number","Total","Total","Males","Doctoral or equivalent level","36,431",""
"2015","France","Number","Total","Total","Females","Bachelor's or equivalent level","578,542",""
"2015","France","Number","Total","Total","Females","Master's or equivalent level","465,697",""
"2015","France","Number","Total","Total","Females","Doctoral or equivalent level","32,176",""
"2015","Croatia","Number","Total","Total","Males","Bachelor's or equivalent level","47,126",""
"2015","Croatia","Number","Total","Total","Males","Master's or equivalent level","22,036",""
"2015","Croatia","Number","Total","Total","Males","Doctoral or equivalent level","1,336",""
"2015","Croatia","Number","Total","Total","Females","Bachelor's or equivalent level","53,753",""
"2015","Croatia","Number","Total","Total","Females","Master's or equivalent level","35,859",""
"2015","Croatia","Number","Total","Total","Females","Doctoral or equivalent level","1,794",""
"2015","Italy","Number","Total","Total","Males","Bachelor's or equivalent level","491,350",""
"2015","Italy","Number","Total","Total","Males","Master's or equivalent level","285,243",""
"2015","Italy","Number","Total","Total","Males","Doctoral or equivalent level","16,091",""
"2015","Italy","Number","Total","Total","Females","Bachelor's or equivalent level","585,317",""
"2015","Italy","Number","Total","Total","Females","Master's or equivalent level","425,244",""
"2015","Italy","Number","Total","Total","Females","Doctoral or equivalent level","16,684",""
"2015","Cyprus","Number","Total","Total","Males","Bachelor's or equivalent level","9,514",""
"2015","Cyprus","Number","Total","Total","Males","Master's or equivalent level","4,529",""
"2015","Cyprus","Number","Total","Total","Males","Doctoral or equivalent level","490",""
"2015","Cyprus","Number","Total","Total","Females","Bachelor's or equivalent level","10,480",""
"2015","Cyprus","Number","Total","Total","Females","Master's or equivalent level","8,406",""
"2015","Cyprus","Number","Total","Total","Females","Doctoral or equivalent level","619",""
"2015","Latvia","Number","Total","Total","Males","Bachelor's or equivalent level","21,781",""
"2015","Latvia","Number","Total","Total","Males","Master's or equivalent level","5,665",""
"2015","Latvia","Number","Total","Total","Males","Doctoral or equivalent level","862",""
"2015","Latvia","Number","Total","Total","Females","Bachelor's or equivalent level","28,853",""
"2015","Latvia","Number","Total","Total","Females","Master's or equivalent level","11,277",""
"2015","Latvia","Number","Total","Total","Females","Doctoral or equivalent level","1,338",""
"2015","Lithuania","Number","Total","Total","Males","Bachelor's or equivalent level","48,169",""
"2015","Lithuania","Number","Total","Total","Males","Master's or equivalent level","10,431",""
"2015","Lithuania","Number","Total","Total","Males","Doctoral or equivalent level","1,063",""
"2015","Lithuania","Number","Total","Total","Females","Bachelor's or equivalent level","59,914",""
"2015","Lithuania","Number","Total","Total","Females","Master's or equivalent level","19,480",""
"2015","Lithuania","Number","Total","Total","Females","Doctoral or equivalent level","1,572",""
"2015","Luxembourg","Number","Total","Total","Males","Bachelor's or equivalent level","1,588",""
"2015","Luxembourg","Number","Total","Total","Males","Master's or equivalent level","1,209",""
"2015","Luxembourg","Number","Total","Total","Males","Doctoral or equivalent level","315",""
"2015","Luxembourg","Number","Total","Total","Females","Bachelor's or equivalent level","1,643",""
"2015","Luxembourg","Number","Total","Total","Females","Master's or equivalent level","1,300",""
"2015","Luxembourg","Number","Total","Total","Females","Doctoral or equivalent level","254",""
"2015","Hungary","Number","Total","Total","Males","Bachelor's or equivalent level","100,261",""
"2015","Hungary","Number","Total","Total","Males","Master's or equivalent level","31,718",""
"2015","Hungary","Number","Total","Total","Males","Doctoral or equivalent level","3,583",""
"2015","Hungary","Number","Total","Total","Females","Bachelor's or equivalent level","114,476",""
"2015","Hungary","Number","Total","Total","Females","Master's or equivalent level","42,395",""
"2015","Hungary","Number","Total","Total","Females","Doctoral or equivalent level","3,641",""
"2015","Malta","Number","Total","Total","Males","Bachelor's or equivalent level","3,049",""
"2015","Malta","Number","Total","Total","Males","Master's or equivalent level","1,581","d"
"2015","Malta","Number","Total","Total","Males","Doctoral or equivalent level","69","d"
"2015","Malta","Number","Total","Total","Females","Bachelor's or equivalent level","3,977",""
"2015","Malta","Number","Total","Total","Females","Master's or equivalent level","1,959","d"
"2015","Malta","Number","Total","Total","Females","Doctoral or equivalent level","44","d"
"2015","Netherlands","Number","Total","Total","Males","Bachelor's or equivalent level","311,049",""
"2015","Netherlands","Number","Total","Total","Males","Master's or equivalent level","75,468",""
"2015","Netherlands","Number","Total","Total","Males","Doctoral or equivalent level","7,257",""
"2015","Netherlands","Number","Total","Total","Females","Bachelor's or equivalent level","335,802",""
"2015","Netherlands","Number","Total","Total","Females","Master's or equivalent level","87,117",""
"2015","Netherlands","Number","Total","Total","Females","Doctoral or equivalent level","7,221",""
"2015","Austria","Number","Total","Total","Males","Bachelor's or equivalent level","86,998",""
"2015","Austria","Number","Total","Total","Males","Master's or equivalent level","63,329",""
"2015","Austria","Number","Total","Total","Males","Doctoral or equivalent level","12,879",""
"2015","Austria","Number","Total","Total","Females","Bachelor's or equivalent level","96,769",""
"2015","Austria","Number","Total","Total","Females","Master's or equivalent level","76,940",""
"2015","Austria","Number","Total","Total","Females","Doctoral or equivalent level","11,179",""
"2015","Poland","Number","Total","Total","Males","Bachelor's or equivalent level","483,787",""
"2015","Poland","Number","Total","Total","Males","Master's or equivalent level","177,980",""
"2015","Poland","Number","Total","Total","Males","Doctoral or equivalent level","19,851","d"
"2015","Poland","Number","Total","Total","Females","Bachelor's or equivalent level","620,577",""
"2015","Poland","Number","Total","Total","Females","Master's or equivalent level","336,841",""
"2015","Poland","Number","Total","Total","Females","Doctoral or equivalent level","23,548","d"
"2015","Portugal","Number","Total","Total","Males","Bachelor's or equivalent level","94,085",""
"2015","Portugal","Number","Total","Total","Males","Master's or equivalent level","54,311",""
"2015","Portugal","Number","Total","Total","Males","Doctoral or equivalent level","9,036",""
"2015","Portugal","Number","Total","Total","Females","Bachelor's or equivalent level","109,751",""
"2015","Portugal","Number","Total","Total","Females","Master's or equivalent level","59,655",""
"2015","Portugal","Number","Total","Total","Females","Doctoral or equivalent level","10,274",""
"2015","Romania","Number","Total","Total","Males","Bachelor's or equivalent level","172,517",""
"2015","Romania","Number","Total","Total","Males","Master's or equivalent level","68,439",""
"2015","Romania","Number","Total","Total","Males","Doctoral or equivalent level","10,026",""
"2015","Romania","Number","Total","Total","Females","Bachelor's or equivalent level","181,669",""
"2015","Romania","Number","Total","Total","Females","Master's or equivalent level","99,713",""
"2015","Romania","Number","Total","Total","Females","Doctoral or equivalent level","9,289",""
"2015","Slovenia","Number","Total","Total","Males","Bachelor's or equivalent level","20,038",""
"2015","Slovenia","Number","Total","Total","Males","Master's or equivalent level","7,992",""
"2015","Slovenia","Number","Total","Total","Males","Doctoral or equivalent level","1,215",""
"2015","Slovenia","Number","Total","Total","Females","Bachelor's or equivalent level","28,855",""
"2015","Slovenia","Number","Total","Total","Females","Master's or equivalent level","14,602",""
"2015","Slovenia","Number","Total","Total","Females","Doctoral or equivalent level","1,429",""
"2015","Slovakia","Number","Total","Total","Males","Bachelor's or equivalent level","42,152",""
"2015","Slovakia","Number","Total","Total","Males","Master's or equivalent level","26,616",""
"2015","Slovakia","Number","Total","Total","Males","Doctoral or equivalent level","4,733",""
"2015","Slovakia","Number","Total","Total","Females","Bachelor's or equivalent level","60,282",""
"2015","Slovakia","Number","Total","Total","Females","Master's or equivalent level","43,422",""
"2015","Slovakia","Number","Total","Total","Females","Doctoral or equivalent level","4,338",""
"2015","Finland","Number","Total","Total","Males","Bachelor's or equivalent level","105,154",""
"2015","Finland","Number","Total","Total","Males","Master's or equivalent level","25,811",""
"2015","Finland","Number","Total","Total","Males","Doctoral or equivalent level","9,400",""
"2015","Finland","Number","Total","Total","Females","Bachelor's or equivalent level","114,216",""
"2015","Finland","Number","Total","Total","Females","Master's or equivalent level","37,428",""
"2015","Finland","Number","Total","Total","Females","Doctoral or equivalent level","10,469",""
"2015","Sweden","Number","Total","Total","Males","Bachelor's or equivalent level","91,195",""
"2015","Sweden","Number","Total","Total","Males","Master's or equivalent level","59,808",""
"2015","Sweden","Number","Total","Total","Males","Doctoral or equivalent level","11,112",""
"2015","Sweden","Number","Total","Total","Females","Bachelor's or equivalent level","155,205",""
"2015","Sweden","Number","Total","Total","Females","Master's or equivalent level","75,747",""
"2015","Sweden","Number","Total","Total","Females","Doctoral or equivalent level","10,246",""
"2015","United Kingdom","Number","Total","Total","Males","Bachelor's or equivalent level","681,722",""
"2015","United Kingdom","Number","Total","Total","Males","Master's or equivalent level","174,319",""
"2015","United Kingdom","Number","Total","Total","Males","Doctoral or equivalent level","59,350",""
"2015","United Kingdom","Number","Total","Total","Females","Bachelor's or equivalent level","842,180",""
"2015","United Kingdom","Number","Total","Total","Females","Master's or equivalent level","246,826",""
"2015","United Kingdom","Number","Total","Total","Females","Doctoral or equivalent level","53,450",""
"2015","Iceland","Number","Total","Total","Males","Bachelor's or equivalent level",":",""
"2015","Iceland","Number","Total","Total","Males","Master's or equivalent level",":",""
"2015","Iceland","Number","Total","Total","Males","Doctoral or equivalent level",":",""
"2015","Iceland","Number","Total","Total","Females","Bachelor's or equivalent level",":",""
"2015","Iceland","Number","Total","Total","Females","Master's or equivalent level",":",""
"2015","Iceland","Number","Total","Total","Females","Doctoral or equivalent level",":",""
"2015","Liechtenstein","Number","Total","Total","Males","Bachelor's or equivalent level","262",""
"2015","Liechtenstein","Number","Total","Total","Males","Master's or equivalent level","167",""
"2015","Liechtenstein","Number","Total","Total","Males","Doctoral or equivalent level","80",""
"2015","Liechtenstein","Number","Total","Total","Females","Bachelor's or equivalent level","131",""
"2015","Liechtenstein","Number","Total","Total","Females","Master's or equivalent level","76",""
"2015","Liechtenstein","Number","Total","Total","Females","Doctoral or equivalent level","34",""
"2015","Norway","Number","Total","Total","Males","Bachelor's or equivalent level","73,996",""
"2015","Norway","Number","Total","Total","Males","Master's or equivalent level","27,190",""
"2015","Norway","Number","Total","Total","Males","Doctoral or equivalent level","3,625",""
"2015","Norway","Number","Total","Total","Females","Bachelor's or equivalent level","114,827",""
"2015","Norway","Number","Total","Total","Females","Master's or equivalent level","34,919",""
"2015","Norway","Number","Total","Total","Females","Doctoral or equivalent level","3,838",""
"2015","Switzerland","Number","Total","Total","Males","Bachelor's or equivalent level","99,303",""
"2015","Switzerland","Number","Total","Total","Males","Master's or equivalent level","31,512",""
"2015","Switzerland","Number","Total","Total","Males","Doctoral or equivalent level","12,837",""
"2015","Switzerland","Number","Total","Total","Females","Bachelor's or equivalent level","96,134",""
"2015","Switzerland","Number","Total","Total","Females","Master's or equivalent level","33,524",""
"2015","Switzerland","Number","Total","Total","Females","Doctoral or equivalent level","10,860",""
"2015","Former Yugoslav Republic of Macedonia, the","Number","Total","Total","Males","Bachelor's or equivalent level","27,184",""
"2015","Former Yugoslav Republic of Macedonia, the","Number","Total","Total","Males","Master's or equivalent level","1,711",""
"2015","Former Yugoslav Republic of Macedonia, the","Number","Total","Total","Males","Doctoral or equivalent level","140",""
"2015","Former Yugoslav Republic of Macedonia, the","Number","Total","Total","Females","Bachelor's or equivalent level","32,175",""
"2015","Former Yugoslav Republic of Macedonia, the","Number","Total","Total","Females","Master's or equivalent level","2,180",""
"2015","Former Yugoslav Republic of Macedonia, the","Number","Total","Total","Females","Doctoral or equivalent level","153",""
"2015","Serbia","Number","Total","Total","Males","Bachelor's or equivalent level","88,362",""
"2015","Serbia","Number","Total","Total","Males","Master's or equivalent level","14,602",""
"2015","Serbia","Number","Total","Total","Males","Doctoral or equivalent level","3,630",""
"2015","Serbia","Number","Total","Total","Females","Bachelor's or equivalent level","106,334",""
"2015","Serbia","Number","Total","Total","Females","Master's or equivalent level","23,201",""
"2015","Serbia","Number","Total","Total","Females","Doctoral or equivalent level","4,925",""
"2015","Turkey","Number","Total","Total","Males","Bachelor's or equivalent level","1,915,911",""
"2015","Turkey","Number","Total","Total","Males","Master's or equivalent level","252,389",""
"2015","Turkey","Number","Total","Total","Males","Doctoral or equivalent level","45,535",""
"2015","Turkey","Number","Total","Total","Females","Bachelor's or equivalent level","1,611,738",""
"2015","Turkey","Number","Total","Total","Females","Master's or equivalent level","190,863",""
"2015","Turkey","Number","Total","Total","Females","Doctoral or equivalent level","32,688",""
"2015","Japan","Number","Total","Total","Males","Bachelor's or equivalent level",":",""
"2015","Japan","Number","Total","Total","Males","Master's or equivalent level",":",""
"2015","Japan","Number","Total","Total","Males","Doctoral or equivalent level",":",""
"2015","Japan","Number","Total","Total","Females","Bachelor's or equivalent level",":",""
"2015","Japan","Number","Total","Total","Females","Master's or equivalent level",":",""
"2015","Japan","Number","Total","Total","Females","Doctoral or equivalent level",":",""
